run_id,status,val_eer,test_eer,test_auc,test_tar_at_01far,val_selected_threshold,test_far_at_val_threshold,test_frr_at_val_threshold,genuine_mean,impostor_mean
b1_arciris_nomask,complete,4.232058245695135,3.4944025588302465,0.9920946507876629,0.8884509938313914,0.39895081520080566,0.0007882111034955448,0.12080191912268677,0.6299746632575989,0.007876574993133545
b3_arciris_softmask,complete,4.472437304980933,3.5915010281014395,0.9919270796224412,0.8825679689284899,0.40976735949516296,0.00039981722641078363,0.14176376513593786,0.6215551495552063,0.012775867246091366
b4_mobilenet_softmask,pending,6.816133133017453,,,,,,,,
ours_iresnet_msff_softmask,pending,,,,,,,,,
